,wer,wer_norm
medium,74.57044157404627,39.94646721591556
largev2,70.6848903574647,34.60457876153233
largev3,69.2069690597777,30.60670488629029
baseft,42.933313307299485,27.93955731045218
smallft,36.01381796335236,20.484832377842743
mediumft,32.963352358065485,15.032841034207827
