,wer,wer_norm,cer,cer_norm
small-ft,61.967557825172726,31.438171532708154,38.764288160453866,24.354387317334762
medium-ft,34.558425953739864,19.782451877444093,28.898430483132053,14.714606515618717
